ann_id,image_id,src_label_raw,defect_type,iso_code,polygon_json,bbox_x1_px,bbox_y1_px,bbox_x2_px,bbox_y2_px,area_px,major_axis_px,minor_axis_px,equiv_diameter_px,major_axis_mm,equiv_diameter_mm,geom_valid,geom_flags
riawelc:data/raw/riawelc/RT/UNK/w00000_f0.png#0,riawelc:data/raw/riawelc/RT/UNK/w00000_f0.png,PO,porosity,2011,,,,,,,,,,,,True,
riawelc:data/raw/riawelc/RT/UNK/w00002_f0.png#0,riawelc:data/raw/riawelc/RT/UNK/w00002_f0.png,LP,lack_of_penetration,402,,,,,,,,,,,,True,
riawelc:data/raw/riawelc/RT/UNK/w00003_f0.png#0,riawelc:data/raw/riawelc/RT/UNK/w00003_f0.png,LP,lack_of_penetration,402,,,,,,,,,,,,True,
riawelc:data/raw/riawelc/RT/UNK/w00003_f0.png#1,riawelc:data/raw/riawelc/RT/UNK/w00003_f0.png,PO,porosity,2011,,,,,,,,,,,,True,
riawelc:data/raw/riawelc/RT/UNK/w00003_f1.png#0,riawelc:data/raw/riawelc/RT/UNK/w00003_f1.png,LP,lack_of_penetration,402,,,,,,,,,,,,True,
riawelc:data/raw/riawelc/RT/UNK/w00003_f1.png#1,riawelc:data/raw/riawelc/RT/UNK/w00003_f1.png,PO,porosity,2011,,,,,,,,,,,,True,
riawelc:data/raw/riawelc/RT/UNK/w00003_f2.png#0,riawelc:data/raw/riawelc/RT/UNK/w00003_f2.png,LP,lack_of_penetration,402,,,,,,,,,,,,True,
riawelc:data/raw/riawelc/RT/UNK/w00003_f2.png#1,riawelc:data/raw/riawelc/RT/UNK/w00003_f2.png,PO,porosity,2011,,,,,,,,,,,,True,
riawelc:data/raw/riawelc/RT/UNK/w00003_f3.png#0,riawelc:data/raw/riawelc/RT/UNK/w00003_f3.png,LP,lack_of_penetration,402,,,,,,,,,,,,True,
riawelc:data/raw/riawelc/RT/UNK/w00003_f3.png#1,riawelc:data/raw/riawelc/RT/UNK/w00003_f3.png,PO,porosity,2011,,,,,,,,,,,,True,
riawelc:data/raw/riawelc/RT/UNK/w00004_f0.png#0,riawelc:data/raw/riawelc/RT/UNK/w00004_f0.png,PO,porosity,2011,,,,,,,,,,,,True,
riawelc:data/raw/riawelc/RT/UNK/w00005_f0.png#0,riawelc:data/raw/riawelc/RT/UNK/w00005_f0.png,CR,crack,100,,,,,,,,,,,,True,
riawelc:data/raw/riawelc/RT/UNK/w00007_f0.png#0,riawelc:data/raw/riawelc/RT/UNK/w00007_f0.png,PO,porosity,2011,,,,,,,,,,,,True,
riawelc:data/raw/riawelc/RT/UNK/w00008_f0.png#0,riawelc:data/raw/riawelc/RT/UNK/w00008_f0.png,LP,lack_of_penetration,402,,,,,,,,,,,,True,
riawelc:data/raw/riawelc/RT/UNK/w00008_f1.png#0,riawelc:data/raw/riawelc/RT/UNK/w00008_f1.png,LP,lack_of_penetration,402,,,,,,,,,,,,True,
riawelc:data/raw/riawelc/RT/UNK/w00008_f2.png#0,riawelc:data/raw/riawelc/RT/UNK/w00008_f2.png,LP,lack_of_penetration,402,,,,,,,,,,,,True,
riawelc:data/raw/riawelc/RT/UNK/w00008_f3.png#0,riawelc:data/raw/riawelc/RT/UNK/w00008_f3.png,LP,lack_of_penetration,402,,,,,,,,,,,,True,
riawelc:data/raw/riawelc/RT/UNK/w00009_f0.png#0,riawelc:data/raw/riawelc/RT/UNK/w00009_f0.png,CR,crack,100,,,,,,,,,,,,True,
riawelc:data/raw/riawelc/RT/UNK/w00010_f0.png#0,riawelc:data/raw/riawelc/RT/UNK/w00010_f0.png,CR,crack,100,,,,,,,,,,,,True,
riawelc:data/raw/riawelc/RT/UNK/w00010_f0.png#1,riawelc:data/raw/riawelc/RT/UNK/w00010_f0.png,PO,porosity,2011,,,,,,,,,,,,True,
riawelc:data/raw/riawelc/RT/UNK/w00011_f0.png#0,riawelc:data/raw/riawelc/RT/UNK/w00011_f0.png,CR,crack,100,,,,,,,,,,,,True,
riawelc:data/raw/riawelc/RT/UNK/w00013_f0.png#0,riawelc:data/raw/riawelc/RT/UNK/w00013_f0.png,LP,lack_of_penetration,402,,,,,,,,,,,,True,
riawelc:data/raw/riawelc/RT/UNK/w00015_f0.png#0,riawelc:data/raw/riawelc/RT/UNK/w00015_f0.png,PO,porosity,2011,,,,,,,,,,,,True,
riawelc:data/raw/riawelc/RT/UNK/w00018_f0.png#0,riawelc:data/raw/riawelc/RT/UNK/w00018_f0.png,PO,porosity,2011,,,,,,,,,,,,True,
riawelc:data/raw/riawelc/RT/UNK/w00019_f0.png#0,riawelc:data/raw/riawelc/RT/UNK/w00019_f0.png,CR,crack,100,,,,,,,,,,,,True,
riawelc:data/raw/riawelc/RT/UNK/w00020_f0.png#0,riawelc:data/raw/riawelc/RT/UNK/w00020_f0.png,LP,lack_of_penetration,402,,,,,,,,,,,,True,
riawelc:data/raw/riawelc/RT/UNK/w00020_f1.png#0,riawelc:data/raw/riawelc/RT/UNK/w00020_f1.png,LP,lack_of_penetration,402,,,,,,,,,,,,True,
riawelc:data/raw/riawelc/RT/UNK/w00021_f0.png#0,riawelc:data/raw/riawelc/RT/UNK/w00021_f0.png,CR,crack,100,,,,,,,,,,,,True,
riawelc:data/raw/riawelc/RT/UNK/w00023_f0.png#0,riawelc:data/raw/riawelc/RT/UNK/w00023_f0.png,PO,porosity,2011,,,,,,,,,,,,True,
riawelc:data/raw/riawelc/RT/UNK/w00024_f0.png#0,riawelc:data/raw/riawelc/RT/UNK/w00024_f0.png,PO,porosity,2011,,,,,,,,,,,,True,
riawelc:data/raw/riawelc/RT/UNK/w00025_f0.png#0,riawelc:data/raw/riawelc/RT/UNK/w00025_f0.png,PO,porosity,2011,,,,,,,,,,,,True,
riawelc:data/raw/riawelc/RT/UNK/w00026_f0.png#0,riawelc:data/raw/riawelc/RT/UNK/w00026_f0.png,PO,porosity,2011,,,,,,,,,,,,True,
riawelc:data/raw/riawelc/RT/UNK/w00026_f1.png#0,riawelc:data/raw/riawelc/RT/UNK/w00026_f1.png,PO,porosity,2011,,,,,,,,,,,,True,
riawelc:data/raw/riawelc/RT/UNK/w00026_f2.png#0,riawelc:data/raw/riawelc/RT/UNK/w00026_f2.png,PO,porosity,2011,,,,,,,,,,,,True,
riawelc:data/raw/riawelc/RT/UNK/w00026_f3.png#0,riawelc:data/raw/riawelc/RT/UNK/w00026_f3.png,PO,porosity,2011,,,,,,,,,,,,True,
riawelc:data/raw/riawelc/RT/UNK/w00027_f0.png#0,riawelc:data/raw/riawelc/RT/UNK/w00027_f0.png,PO,porosity,2011,,,,,,,,,,,,True,
riawelc:data/raw/riawelc/RT/UNK/w00027_f1.png#0,riawelc:data/raw/riawelc/RT/UNK/w00027_f1.png,PO,porosity,2011,,,,,,,,,,,,True,
riawelc:data/raw/riawelc/RT/UNK/w00029_f0.png#0,riawelc:data/raw/riawelc/RT/UNK/w00029_f0.png,CR,crack,100,,,,,,,,,,,,True,
riawelc:data/raw/riawelc/RT/UNK/w00029_f0.png#1,riawelc:data/raw/riawelc/RT/UNK/w00029_f0.png,PO,porosity,2011,,,,,,,,,,,,True,
riawelc:data/raw/riawelc/RT/UNK/w00030_f0.png#0,riawelc:data/raw/riawelc/RT/UNK/w00030_f0.png,PO,porosity,2011,,,,,,,,,,,,True,
riawelc:data/raw/riawelc/RT/UNK/w00032_f0.png#0,riawelc:data/raw/riawelc/RT/UNK/w00032_f0.png,PO,porosity,2011,,,,,,,,,,,,True,
riawelc:data/raw/riawelc/RT/UNK/w00033_f0.png#0,riawelc:data/raw/riawelc/RT/UNK/w00033_f0.png,CR,crack,100,,,,,,,,,,,,True,
riawelc:data/raw/riawelc/RT/UNK/w00034_f0.png#0,riawelc:data/raw/riawelc/RT/UNK/w00034_f0.png,LP,lack_of_penetration,402,,,,,,,,,,,,True,
riawelc:data/raw/riawelc/RT/UNK/w00035_f0.png#0,riawelc:data/raw/riawelc/RT/UNK/w00035_f0.png,CR,crack,100,,,,,,,,,,,,True,
riawelc:data/raw/riawelc/RT/UNK/w00035_f1.png#0,riawelc:data/raw/riawelc/RT/UNK/w00035_f1.png,CR,crack,100,,,,,,,,,,,,True,
riawelc:data/raw/riawelc/RT/UNK/w00035_f2.png#0,riawelc:data/raw/riawelc/RT/UNK/w00035_f2.png,CR,crack,100,,,,,,,,,,,,True,
riawelc:data/raw/riawelc/RT/UNK/w00035_f3.png#0,riawelc:data/raw/riawelc/RT/UNK/w00035_f3.png,CR,crack,100,,,,,,,,,,,,True,
riawelc:data/raw/riawelc/RT/UNK/w00036_f0.png#0,riawelc:data/raw/riawelc/RT/UNK/w00036_f0.png,LP,lack_of_penetration,402,,,,,,,,,,,,True,
riawelc:data/raw/riawelc/RT/UNK/w00036_f1.png#0,riawelc:data/raw/riawelc/RT/UNK/w00036_f1.png,LP,lack_of_penetration,402,,,,,,,,,,,,True,
riawelc:data/raw/riawelc/RT/UNK/w00036_f2.png#0,riawelc:data/raw/riawelc/RT/UNK/w00036_f2.png,LP,lack_of_penetration,402,,,,,,,,,,,,True,
riawelc:data/raw/riawelc/RT/UNK/w00036_f3.png#0,riawelc:data/raw/riawelc/RT/UNK/w00036_f3.png,LP,lack_of_penetration,402,,,,,,,,,,,,True,
riawelc:data/raw/riawelc/RT/UNK/w00038_f0.png#0,riawelc:data/raw/riawelc/RT/UNK/w00038_f0.png,LP,lack_of_penetration,402,,,,,,,,,,,,True,
riawelc:data/raw/riawelc/RT/UNK/w00039_f0.png#0,riawelc:data/raw/riawelc/RT/UNK/w00039_f0.png,PO,porosity,2011,,,,,,,,,,,,True,
riawelc:data/raw/riawelc/RT/UNK/w00040_f0.png#0,riawelc:data/raw/riawelc/RT/UNK/w00040_f0.png,PO,porosity,2011,,,,,,,,,,,,True,
riawelc:data/raw/riawelc/RT/UNK/w00041_f0.png#0,riawelc:data/raw/riawelc/RT/UNK/w00041_f0.png,CR,crack,100,,,,,,,,,,,,True,
riawelc:data/raw/riawelc/RT/UNK/w00041_f0.png#1,riawelc:data/raw/riawelc/RT/UNK/w00041_f0.png,LP,lack_of_penetration,402,,,,,,,,,,,,True,
riawelc:data/raw/riawelc/RT/UNK/w00042_f0.png#0,riawelc:data/raw/riawelc/RT/UNK/w00042_f0.png,PO,porosity,2011,,,,,,,,,,,,True,
riawelc:data/raw/riawelc/RT/UNK/w00044_f0.png#0,riawelc:data/raw/riawelc/RT/UNK/w00044_f0.png,LP,lack_of_penetration,402,,,,,,,,,,,,True,
riawelc:data/raw/riawelc/RT/UNK/w00046_f0.png#0,riawelc:data/raw/riawelc/RT/UNK/w00046_f0.png,CR,crack,100,,,,,,,,,,,,True,
riawelc:data/raw/riawelc/RT/UNK/w00046_f1.png#0,riawelc:data/raw/riawelc/RT/UNK/w00046_f1.png,CR,crack,100,,,,,,,,,,,,True,
riawelc:data/raw/riawelc/RT/UNK/w00048_f0.png#0,riawelc:data/raw/riawelc/RT/UNK/w00048_f0.png,LP,lack_of_penetration,402,,,,,,,,,,,,True,
riawelc:data/raw/riawelc/RT/UNK/w00049_f0.png#0,riawelc:data/raw/riawelc/RT/UNK/w00049_f0.png,CR,crack,100,,,,,,,,,,,,True,
riawelc:data/raw/riawelc/RT/UNK/w00051_f0.png#0,riawelc:data/raw/riawelc/RT/UNK/w00051_f0.png,PO,porosity,2011,,,,,,,,,,,,True,
riawelc:data/raw/riawelc/RT/UNK/w00052_f0.png#0,riawelc:data/raw/riawelc/RT/UNK/w00052_f0.png,CR,crack,100,,,,,,,,,,,,True,
riawelc:data/raw/riawelc/RT/UNK/w00053_f0.png#0,riawelc:data/raw/riawelc/RT/UNK/w00053_f0.png,PO,porosity,2011,,,,,,,,,,,,True,
riawelc:data/raw/riawelc/RT/UNK/w00054_f0.png#0,riawelc:data/raw/riawelc/RT/UNK/w00054_f0.png,PO,porosity,2011,,,,,,,,,,,,True,
riawelc:data/raw/riawelc/RT/UNK/w00054_f1.png#0,riawelc:data/raw/riawelc/RT/UNK/w00054_f1.png,PO,porosity,2011,,,,,,,,,,,,True,
riawelc:data/raw/riawelc/RT/UNK/w00055_f0.png#0,riawelc:data/raw/riawelc/RT/UNK/w00055_f0.png,PO,porosity,2011,,,,,,,,,,,,True,
riawelc:data/raw/riawelc/RT/UNK/w00056_f0.png#0,riawelc:data/raw/riawelc/RT/UNK/w00056_f0.png,CR,crack,100,,,,,,,,,,,,True,
riawelc:data/raw/riawelc/RT/UNK/w00059_f0.png#0,riawelc:data/raw/riawelc/RT/UNK/w00059_f0.png,CR,crack,100,,,,,,,,,,,,True,
riawelc:data/raw/riawelc/RT/UNK/w00059_f0.png#1,riawelc:data/raw/riawelc/RT/UNK/w00059_f0.png,LP,lack_of_penetration,402,,,,,,,,,,,,True,
riawelc:data/raw/riawelc/RT/UNK/w00060_f0.png#0,riawelc:data/raw/riawelc/RT/UNK/w00060_f0.png,LP,lack_of_penetration,402,,,,,,,,,,,,True,
riawelc:data/raw/riawelc/RT/UNK/w00062_f0.png#0,riawelc:data/raw/riawelc/RT/UNK/w00062_f0.png,LP,lack_of_penetration,402,,,,,,,,,,,,True,
riawelc:data/raw/riawelc/RT/UNK/w00063_f0.png#0,riawelc:data/raw/riawelc/RT/UNK/w00063_f0.png,CR,crack,100,,,,,,,,,,,,True,
riawelc:data/raw/riawelc/RT/UNK/w00065_f0.png#0,riawelc:data/raw/riawelc/RT/UNK/w00065_f0.png,PO,porosity,2011,,,,,,,,,,,,True,
riawelc:data/raw/riawelc/RT/UNK/w00066_f0.png#0,riawelc:data/raw/riawelc/RT/UNK/w00066_f0.png,LP,lack_of_penetration,402,,,,,,,,,,,,True,
riawelc:data/raw/riawelc/RT/UNK/w00067_f0.png#0,riawelc:data/raw/riawelc/RT/UNK/w00067_f0.png,LP,lack_of_penetration,402,,,,,,,,,,,,True,
riawelc:data/raw/riawelc/RT/UNK/w00067_f0.png#1,riawelc:data/raw/riawelc/RT/UNK/w00067_f0.png,PO,porosity,2011,,,,,,,,,,,,True,
riawelc:data/raw/riawelc/RT/UNK/w00067_f1.png#0,riawelc:data/raw/riawelc/RT/UNK/w00067_f1.png,LP,lack_of_penetration,402,,,,,,,,,,,,True,
riawelc:data/raw/riawelc/RT/UNK/w00067_f1.png#1,riawelc:data/raw/riawelc/RT/UNK/w00067_f1.png,PO,porosity,2011,,,,,,,,,,,,True,
riawelc:data/raw/riawelc/RT/UNK/w00067_f2.png#0,riawelc:data/raw/riawelc/RT/UNK/w00067_f2.png,LP,lack_of_penetration,402,,,,,,,,,,,,True,
riawelc:data/raw/riawelc/RT/UNK/w00067_f2.png#1,riawelc:data/raw/riawelc/RT/UNK/w00067_f2.png,PO,porosity,2011,,,,,,,,,,,,True,
riawelc:data/raw/riawelc/RT/UNK/w00067_f3.png#0,riawelc:data/raw/riawelc/RT/UNK/w00067_f3.png,LP,lack_of_penetration,402,,,,,,,,,,,,True,
riawelc:data/raw/riawelc/RT/UNK/w00067_f3.png#1,riawelc:data/raw/riawelc/RT/UNK/w00067_f3.png,PO,porosity,2011,,,,,,,,,,,,True,
riawelc:data/raw/riawelc/RT/UNK/w00068_f0.png#0,riawelc:data/raw/riawelc/RT/UNK/w00068_f0.png,LP,lack_of_penetration,402,,,,,,,,,,,,True,
riawelc:data/raw/riawelc/RT/UNK/w00068_f1.png#0,riawelc:data/raw/riawelc/RT/UNK/w00068_f1.png,LP,lack_of_penetration,402,,,,,,,,,,,,True,
riawelc:data/raw/riawelc/RT/UNK/w00068_f2.png#0,riawelc:data/raw/riawelc/RT/UNK/w00068_f2.png,LP,lack_of_penetration,402,,,,,,,,,,,,True,
riawelc:data/raw/riawelc/RT/UNK/w00068_f3.png#0,riawelc:data/raw/riawelc/RT/UNK/w00068_f3.png,LP,lack_of_penetration,402,,,,,,,,,,,,True,
riawelc:data/raw/riawelc/RT/UNK/w00070_f0.png#0,riawelc:data/raw/riawelc/RT/UNK/w00070_f0.png,LP,lack_of_penetration,402,,,,,,,,,,,,True,
riawelc:data/raw/riawelc/RT/UNK/w00070_f0.png#1,riawelc:data/raw/riawelc/RT/UNK/w00070_f0.png,PO,porosity,2011,,,,,,,,,,,,True,
riawelc:data/raw/riawelc/RT/UNK/w00072_f0.png#0,riawelc:data/raw/riawelc/RT/UNK/w00072_f0.png,PO,porosity,2011,,,,,,,,,,,,True,
riawelc:data/raw/riawelc/RT/UNK/w00072_f1.png#0,riawelc:data/raw/riawelc/RT/UNK/w00072_f1.png,PO,porosity,2011,,,,,,,,,,,,True,
riawelc:data/raw/riawelc/RT/UNK/w00072_f2.png#0,riawelc:data/raw/riawelc/RT/UNK/w00072_f2.png,PO,porosity,2011,,,,,,,,,,,,True,
riawelc:data/raw/riawelc/RT/UNK/w00072_f3.png#0,riawelc:data/raw/riawelc/RT/UNK/w00072_f3.png,PO,porosity,2011,,,,,,,,,,,,True,
riawelc:data/raw/riawelc/RT/UNK/w00073_f0.png#0,riawelc:data/raw/riawelc/RT/UNK/w00073_f0.png,PO,porosity,2011,,,,,,,,,,,,True,
riawelc:data/raw/riawelc/RT/UNK/w00075_f0.png#0,riawelc:data/raw/riawelc/RT/UNK/w00075_f0.png,CR,crack,100,,,,,,,,,,,,True,
riawelc:data/raw/riawelc/RT/UNK/w00076_f0.png#0,riawelc:data/raw/riawelc/RT/UNK/w00076_f0.png,CR,crack,100,,,,,,,,,,,,True,
riawelc:data/raw/riawelc/RT/UNK/w00077_f0.png#0,riawelc:data/raw/riawelc/RT/UNK/w00077_f0.png,CR,crack,100,,,,,,,,,,,,True,
riawelc:data/raw/riawelc/RT/UNK/w00078_f0.png#0,riawelc:data/raw/riawelc/RT/UNK/w00078_f0.png,CR,crack,100,,,,,,,,,,,,True,
riawelc:data/raw/riawelc/RT/UNK/w00078_f0.png#1,riawelc:data/raw/riawelc/RT/UNK/w00078_f0.png,LP,lack_of_penetration,402,,,,,,,,,,,,True,
riawelc:data/raw/riawelc/RT/UNK/w00079_f0.png#0,riawelc:data/raw/riawelc/RT/UNK/w00079_f0.png,CR,crack,100,,,,,,,,,,,,True,
riawelc:data/raw/riawelc/RT/UNK/w00079_f0.png#1,riawelc:data/raw/riawelc/RT/UNK/w00079_f0.png,PO,porosity,2011,,,,,,,,,,,,True,
riawelc:data/raw/riawelc/RT/UNK/w00080_f0.png#0,riawelc:data/raw/riawelc/RT/UNK/w00080_f0.png,LP,lack_of_penetration,402,,,,,,,,,,,,True,
riawelc:data/raw/riawelc/RT/UNK/w00080_f1.png#0,riawelc:data/raw/riawelc/RT/UNK/w00080_f1.png,LP,lack_of_penetration,402,,,,,,,,,,,,True,
riawelc:data/raw/riawelc/RT/UNK/w00080_f2.png#0,riawelc:data/raw/riawelc/RT/UNK/w00080_f2.png,LP,lack_of_penetration,402,,,,,,,,,,,,True,
riawelc:data/raw/riawelc/RT/UNK/w00081_f0.png#0,riawelc:data/raw/riawelc/RT/UNK/w00081_f0.png,LP,lack_of_penetration,402,,,,,,,,,,,,True,
riawelc:data/raw/riawelc/RT/UNK/w00081_f1.png#0,riawelc:data/raw/riawelc/RT/UNK/w00081_f1.png,LP,lack_of_penetration,402,,,,,,,,,,,,True,
riawelc:data/raw/riawelc/RT/UNK/w00081_f2.png#0,riawelc:data/raw/riawelc/RT/UNK/w00081_f2.png,LP,lack_of_penetration,402,,,,,,,,,,,,True,
riawelc:data/raw/riawelc/RT/UNK/w00081_f3.png#0,riawelc:data/raw/riawelc/RT/UNK/w00081_f3.png,LP,lack_of_penetration,402,,,,,,,,,,,,True,
riawelc:data/raw/riawelc/RT/UNK/w00082_f0.png#0,riawelc:data/raw/riawelc/RT/UNK/w00082_f0.png,PO,porosity,2011,,,,,,,,,,,,True,
riawelc:data/raw/riawelc/RT/UNK/w00082_f1.png#0,riawelc:data/raw/riawelc/RT/UNK/w00082_f1.png,PO,porosity,2011,,,,,,,,,,,,True,
riawelc:data/raw/riawelc/RT/UNK/w00082_f2.png#0,riawelc:data/raw/riawelc/RT/UNK/w00082_f2.png,PO,porosity,2011,,,,,,,,,,,,True,
riawelc:data/raw/riawelc/RT/UNK/w00084_f0.png#0,riawelc:data/raw/riawelc/RT/UNK/w00084_f0.png,LP,lack_of_penetration,402,,,,,,,,,,,,True,
riawelc:data/raw/riawelc/RT/UNK/w00085_f0.png#0,riawelc:data/raw/riawelc/RT/UNK/w00085_f0.png,LP,lack_of_penetration,402,,,,,,,,,,,,True,
riawelc:data/raw/riawelc/RT/UNK/w00086_f0.png#0,riawelc:data/raw/riawelc/RT/UNK/w00086_f0.png,PO,porosity,2011,,,,,,,,,,,,True,
riawelc:data/raw/riawelc/RT/UNK/w00088_f0.png#0,riawelc:data/raw/riawelc/RT/UNK/w00088_f0.png,LP,lack_of_penetration,402,,,,,,,,,,,,True,
riawelc:data/raw/riawelc/RT/UNK/w00088_f1.png#0,riawelc:data/raw/riawelc/RT/UNK/w00088_f1.png,LP,lack_of_penetration,402,,,,,,,,,,,,True,
riawelc:data/raw/riawelc/RT/UNK/w00088_f2.png#0,riawelc:data/raw/riawelc/RT/UNK/w00088_f2.png,LP,lack_of_penetration,402,,,,,,,,,,,,True,
riawelc:data/raw/riawelc/RT/UNK/w00088_f3.png#0,riawelc:data/raw/riawelc/RT/UNK/w00088_f3.png,LP,lack_of_penetration,402,,,,,,,,,,,,True,
riawelc:data/raw/riawelc/RT/UNK/w00089_f0.png#0,riawelc:data/raw/riawelc/RT/UNK/w00089_f0.png,CR,crack,100,,,,,,,,,,,,True,
riawelc:data/raw/riawelc/RT/UNK/w00090_f0.png#0,riawelc:data/raw/riawelc/RT/UNK/w00090_f0.png,CR,crack,100,,,,,,,,,,,,True,
riawelc:data/raw/riawelc/RT/UNK/w00091_f0.png#0,riawelc:data/raw/riawelc/RT/UNK/w00091_f0.png,CR,crack,100,,,,,,,,,,,,True,
riawelc:data/raw/riawelc/RT/UNK/w00092_f0.png#0,riawelc:data/raw/riawelc/RT/UNK/w00092_f0.png,LP,lack_of_penetration,402,,,,,,,,,,,,True,
riawelc:data/raw/riawelc/RT/UNK/w00092_f0.png#1,riawelc:data/raw/riawelc/RT/UNK/w00092_f0.png,PO,porosity,2011,,,,,,,,,,,,True,
riawelc:data/raw/riawelc/RT/UNK/w00093_f0.png#0,riawelc:data/raw/riawelc/RT/UNK/w00093_f0.png,PO,porosity,2011,,,,,,,,,,,,True,
riawelc:data/raw/riawelc/RT/UNK/w00095_f0.png#0,riawelc:data/raw/riawelc/RT/UNK/w00095_f0.png,LP,lack_of_penetration,402,,,,,,,,,,,,True,
riawelc:data/raw/riawelc/RT/UNK/w00096_f0.png#0,riawelc:data/raw/riawelc/RT/UNK/w00096_f0.png,PO,porosity,2011,,,,,,,,,,,,True,
riawelc:data/raw/riawelc/RT/UNK/w00096_f1.png#0,riawelc:data/raw/riawelc/RT/UNK/w00096_f1.png,PO,porosity,2011,,,,,,,,,,,,True,
riawelc:data/raw/riawelc/RT/UNK/w00096_f2.png#0,riawelc:data/raw/riawelc/RT/UNK/w00096_f2.png,PO,porosity,2011,,,,,,,,,,,,True,
riawelc:data/raw/riawelc/RT/UNK/w00098_f0.png#0,riawelc:data/raw/riawelc/RT/UNK/w00098_f0.png,PO,porosity,2011,,,,,,,,,,,,True,
riawelc:data/raw/riawelc/RT/UNK/w00099_f0.png#0,riawelc:data/raw/riawelc/RT/UNK/w00099_f0.png,LP,lack_of_penetration,402,,,,,,,,,,,,True,
riawelc:data/raw/riawelc/RT/UNK/w00100_f0.png#0,riawelc:data/raw/riawelc/RT/UNK/w00100_f0.png,CR,crack,100,,,,,,,,,,,,True,
riawelc:data/raw/riawelc/RT/UNK/w00101_f0.png#0,riawelc:data/raw/riawelc/RT/UNK/w00101_f0.png,LP,lack_of_penetration,402,,,,,,,,,,,,True,
riawelc:data/raw/riawelc/RT/UNK/w00102_f0.png#0,riawelc:data/raw/riawelc/RT/UNK/w00102_f0.png,PO,porosity,2011,,,,,,,,,,,,True,
riawelc:data/raw/riawelc/RT/UNK/w00104_f0.png#0,riawelc:data/raw/riawelc/RT/UNK/w00104_f0.png,CR,crack,100,,,,,,,,,,,,True,
riawelc:data/raw/riawelc/RT/UNK/w00105_f0.png#0,riawelc:data/raw/riawelc/RT/UNK/w00105_f0.png,PO,porosity,2011,,,,,,,,,,,,True,
riawelc:data/raw/riawelc/RT/UNK/w00106_f0.png#0,riawelc:data/raw/riawelc/RT/UNK/w00106_f0.png,CR,crack,100,,,,,,,,,,,,True,
riawelc:data/raw/riawelc/RT/UNK/w00106_f1.png#0,riawelc:data/raw/riawelc/RT/UNK/w00106_f1.png,CR,crack,100,,,,,,,,,,,,True,
riawelc:data/raw/riawelc/RT/UNK/w00106_f2.png#0,riawelc:data/raw/riawelc/RT/UNK/w00106_f2.png,CR,crack,100,,,,,,,,,,,,True,
riawelc:data/raw/riawelc/RT/UNK/w00106_f3.png#0,riawelc:data/raw/riawelc/RT/UNK/w00106_f3.png,CR,crack,100,,,,,,,,,,,,True,
riawelc:data/raw/riawelc/RT/UNK/w00107_f0.png#0,riawelc:data/raw/riawelc/RT/UNK/w00107_f0.png,CR,crack,100,,,,,,,,,,,,True,
riawelc:data/raw/riawelc/RT/UNK/w00107_f0.png#1,riawelc:data/raw/riawelc/RT/UNK/w00107_f0.png,PO,porosity,2011,,,,,,,,,,,,True,
riawelc:data/raw/riawelc/RT/UNK/w00108_f0.png#0,riawelc:data/raw/riawelc/RT/UNK/w00108_f0.png,PO,porosity,2011,,,,,,,,,,,,True,
riawelc:data/raw/riawelc/RT/UNK/w00108_f1.png#0,riawelc:data/raw/riawelc/RT/UNK/w00108_f1.png,PO,porosity,2011,,,,,,,,,,,,True,
riawelc:data/raw/riawelc/RT/UNK/w00109_f0.png#0,riawelc:data/raw/riawelc/RT/UNK/w00109_f0.png,LP,lack_of_penetration,402,,,,,,,,,,,,True,
riawelc:data/raw/riawelc/RT/UNK/w00111_f0.png#0,riawelc:data/raw/riawelc/RT/UNK/w00111_f0.png,LP,lack_of_penetration,402,,,,,,,,,,,,True,
riawelc:data/raw/riawelc/RT/UNK/w00112_f0.png#0,riawelc:data/raw/riawelc/RT/UNK/w00112_f0.png,LP,lack_of_penetration,402,,,,,,,,,,,,True,
riawelc:data/raw/riawelc/RT/UNK/w00114_f0.png#0,riawelc:data/raw/riawelc/RT/UNK/w00114_f0.png,CR,crack,100,,,,,,,,,,,,True,
riawelc:data/raw/riawelc/RT/UNK/w00114_f0.png#1,riawelc:data/raw/riawelc/RT/UNK/w00114_f0.png,PO,porosity,2011,,,,,,,,,,,,True,
riawelc:data/raw/riawelc/RT/UNK/w00115_f0.png#0,riawelc:data/raw/riawelc/RT/UNK/w00115_f0.png,CR,crack,100,,,,,,,,,,,,True,
riawelc:data/raw/riawelc/RT/UNK/w00115_f0.png#1,riawelc:data/raw/riawelc/RT/UNK/w00115_f0.png,LP,lack_of_penetration,402,,,,,,,,,,,,True,
riawelc:data/raw/riawelc/RT/UNK/w00116_f0.png#0,riawelc:data/raw/riawelc/RT/UNK/w00116_f0.png,PO,porosity,2011,,,,,,,,,,,,True,
riawelc:data/raw/riawelc/RT/UNK/w00116_f1.png#0,riawelc:data/raw/riawelc/RT/UNK/w00116_f1.png,PO,porosity,2011,,,,,,,,,,,,True,
riawelc:data/raw/riawelc/RT/UNK/w00116_f2.png#0,riawelc:data/raw/riawelc/RT/UNK/w00116_f2.png,PO,porosity,2011,,,,,,,,,,,,True,
riawelc:data/raw/riawelc/RT/UNK/w00117_f0.png#0,riawelc:data/raw/riawelc/RT/UNK/w00117_f0.png,LP,lack_of_penetration,402,,,,,,,,,,,,True,
riawelc:data/raw/riawelc/RT/UNK/w00119_f0.png#0,riawelc:data/raw/riawelc/RT/UNK/w00119_f0.png,PO,porosity,2011,,,,,,,,,,,,True,
riawelc:data/raw/riawelc/RT/UNK/w00120_f0.png#0,riawelc:data/raw/riawelc/RT/UNK/w00120_f0.png,LP,lack_of_penetration,402,,,,,,,,,,,,True,
riawelc:data/raw/riawelc/RT/UNK/w00120_f1.png#0,riawelc:data/raw/riawelc/RT/UNK/w00120_f1.png,LP,lack_of_penetration,402,,,,,,,,,,,,True,
riawelc:data/raw/riawelc/RT/UNK/w00120_f2.png#0,riawelc:data/raw/riawelc/RT/UNK/w00120_f2.png,LP,lack_of_penetration,402,,,,,,,,,,,,True,
riawelc:data/raw/riawelc/RT/UNK/w00121_f0.png#0,riawelc:data/raw/riawelc/RT/UNK/w00121_f0.png,PO,porosity,2011,,,,,,,,,,,,True,
riawelc:data/raw/riawelc/RT/UNK/w00122_f0.png#0,riawelc:data/raw/riawelc/RT/UNK/w00122_f0.png,LP,lack_of_penetration,402,,,,,,,,,,,,True,
riawelc:data/raw/riawelc/RT/UNK/w00124_f0.png#0,riawelc:data/raw/riawelc/RT/UNK/w00124_f0.png,LP,lack_of_penetration,402,,,,,,,,,,,,True,
riawelc:data/raw/riawelc/RT/UNK/w00125_f0.png#0,riawelc:data/raw/riawelc/RT/UNK/w00125_f0.png,CR,crack,100,,,,,,,,,,,,True,
riawelc:data/raw/riawelc/RT/UNK/w00127_f0.png#0,riawelc:data/raw/riawelc/RT/UNK/w00127_f0.png,PO,porosity,2011,,,,,,,,,,,,True,
riawelc:data/raw/riawelc/RT/UNK/w00129_f0.png#0,riawelc:data/raw/riawelc/RT/UNK/w00129_f0.png,CR,crack,100,,,,,,,,,,,,True,
riawelc:data/raw/riawelc/RT/UNK/w00130_f0.png#0,riawelc:data/raw/riawelc/RT/UNK/w00130_f0.png,CR,crack,100,,,,,,,,,,,,True,
riawelc:data/raw/riawelc/RT/UNK/w00131_f0.png#0,riawelc:data/raw/riawelc/RT/UNK/w00131_f0.png,LP,lack_of_penetration,402,,,,,,,,,,,,True,
riawelc:data/raw/riawelc/RT/UNK/w00133_f0.png#0,riawelc:data/raw/riawelc/RT/UNK/w00133_f0.png,PO,porosity,2011,,,,,,,,,,,,True,
riawelc:data/raw/riawelc/RT/UNK/w00134_f0.png#0,riawelc:data/raw/riawelc/RT/UNK/w00134_f0.png,LP,lack_of_penetration,402,,,,,,,,,,,,True,
riawelc:data/raw/riawelc/RT/UNK/w00135_f0.png#0,riawelc:data/raw/riawelc/RT/UNK/w00135_f0.png,PO,porosity,2011,,,,,,,,,,,,True,
riawelc:data/raw/riawelc/RT/UNK/w00137_f0.png#0,riawelc:data/raw/riawelc/RT/UNK/w00137_f0.png,LP,lack_of_penetration,402,,,,,,,,,,,,True,
riawelc:data/raw/riawelc/RT/UNK/w00137_f1.png#0,riawelc:data/raw/riawelc/RT/UNK/w00137_f1.png,LP,lack_of_penetration,402,,,,,,,,,,,,True,
riawelc:data/raw/riawelc/RT/UNK/w00139_f0.png#0,riawelc:data/raw/riawelc/RT/UNK/w00139_f0.png,PO,porosity,2011,,,,,,,,,,,,True,
riawelc:data/raw/riawelc/RT/UNK/w00141_f0.png#0,riawelc:data/raw/riawelc/RT/UNK/w00141_f0.png,PO,porosity,2011,,,,,,,,,,,,True,
riawelc:data/raw/riawelc/RT/UNK/w00143_f0.png#0,riawelc:data/raw/riawelc/RT/UNK/w00143_f0.png,LP,lack_of_penetration,402,,,,,,,,,,,,True,
riawelc:data/raw/riawelc/RT/UNK/w00145_f0.png#0,riawelc:data/raw/riawelc/RT/UNK/w00145_f0.png,CR,crack,100,,,,,,,,,,,,True,
riawelc:data/raw/riawelc/RT/UNK/w00146_f0.png#0,riawelc:data/raw/riawelc/RT/UNK/w00146_f0.png,LP,lack_of_penetration,402,,,,,,,,,,,,True,
riawelc:data/raw/riawelc/RT/UNK/w00147_f0.png#0,riawelc:data/raw/riawelc/RT/UNK/w00147_f0.png,PO,porosity,2011,,,,,,,,,,,,True,
riawelc:data/raw/riawelc/RT/UNK/w00148_f0.png#0,riawelc:data/raw/riawelc/RT/UNK/w00148_f0.png,LP,lack_of_penetration,402,,,,,,,,,,,,True,
riawelc:data/raw/riawelc/RT/UNK/w00149_f0.png#0,riawelc:data/raw/riawelc/RT/UNK/w00149_f0.png,CR,crack,100,,,,,,,,,,,,True,
riawelc:data/raw/riawelc/RT/UNK/w00150_f0.png#0,riawelc:data/raw/riawelc/RT/UNK/w00150_f0.png,CR,crack,100,,,,,,,,,,,,True,
riawelc:data/raw/riawelc/RT/UNK/w00150_f0.png#1,riawelc:data/raw/riawelc/RT/UNK/w00150_f0.png,PO,porosity,2011,,,,,,,,,,,,True,
riawelc:data/raw/riawelc/RT/UNK/w00150_f1.png#0,riawelc:data/raw/riawelc/RT/UNK/w00150_f1.png,CR,crack,100,,,,,,,,,,,,True,
riawelc:data/raw/riawelc/RT/UNK/w00150_f1.png#1,riawelc:data/raw/riawelc/RT/UNK/w00150_f1.png,PO,porosity,2011,,,,,,,,,,,,True,
riawelc:data/raw/riawelc/RT/UNK/w00152_f0.png#0,riawelc:data/raw/riawelc/RT/UNK/w00152_f0.png,LP,lack_of_penetration,402,,,,,,,,,,,,True,
riawelc:data/raw/riawelc/RT/UNK/w00154_f0.png#0,riawelc:data/raw/riawelc/RT/UNK/w00154_f0.png,LP,lack_of_penetration,402,,,,,,,,,,,,True,
riawelc:data/raw/riawelc/RT/UNK/w00155_f0.png#0,riawelc:data/raw/riawelc/RT/UNK/w00155_f0.png,PO,porosity,2011,,,,,,,,,,,,True,
riawelc:data/raw/riawelc/RT/UNK/w00156_f0.png#0,riawelc:data/raw/riawelc/RT/UNK/w00156_f0.png,LP,lack_of_penetration,402,,,,,,,,,,,,True,
riawelc:data/raw/riawelc/RT/UNK/w00159_f0.png#0,riawelc:data/raw/riawelc/RT/UNK/w00159_f0.png,PO,porosity,2011,,,,,,,,,,,,True,
riawelc:data/raw/riawelc/RT/UNK/w00160_f0.png#0,riawelc:data/raw/riawelc/RT/UNK/w00160_f0.png,PO,porosity,2011,,,,,,,,,,,,True,
riawelc:data/raw/riawelc/RT/UNK/w00161_f0.png#0,riawelc:data/raw/riawelc/RT/UNK/w00161_f0.png,CR,crack,100,,,,,,,,,,,,True,
riawelc:data/raw/riawelc/RT/UNK/w00161_f1.png#0,riawelc:data/raw/riawelc/RT/UNK/w00161_f1.png,CR,crack,100,,,,,,,,,,,,True,
riawelc:data/raw/riawelc/RT/UNK/w00163_f0.png#0,riawelc:data/raw/riawelc/RT/UNK/w00163_f0.png,PO,porosity,2011,,,,,,,,,,,,True,
riawelc:data/raw/riawelc/RT/UNK/w00165_f0.png#0,riawelc:data/raw/riawelc/RT/UNK/w00165_f0.png,CR,crack,100,,,,,,,,,,,,True,
riawelc:data/raw/riawelc/RT/UNK/w00166_f0.png#0,riawelc:data/raw/riawelc/RT/UNK/w00166_f0.png,PO,porosity,2011,,,,,,,,,,,,True,
riawelc:data/raw/riawelc/RT/UNK/w00167_f0.png#0,riawelc:data/raw/riawelc/RT/UNK/w00167_f0.png,LP,lack_of_penetration,402,,,,,,,,,,,,True,
riawelc:data/raw/riawelc/RT/UNK/w00168_f0.png#0,riawelc:data/raw/riawelc/RT/UNK/w00168_f0.png,LP,lack_of_penetration,402,,,,,,,,,,,,True,
riawelc:data/raw/riawelc/RT/UNK/w00168_f0.png#1,riawelc:data/raw/riawelc/RT/UNK/w00168_f0.png,PO,porosity,2011,,,,,,,,,,,,True,
riawelc:data/raw/riawelc/RT/UNK/w00168_f1.png#0,riawelc:data/raw/riawelc/RT/UNK/w00168_f1.png,LP,lack_of_penetration,402,,,,,,,,,,,,True,
riawelc:data/raw/riawelc/RT/UNK/w00168_f1.png#1,riawelc:data/raw/riawelc/RT/UNK/w00168_f1.png,PO,porosity,2011,,,,,,,,,,,,True,
riawelc:data/raw/riawelc/RT/UNK/w00168_f2.png#0,riawelc:data/raw/riawelc/RT/UNK/w00168_f2.png,LP,lack_of_penetration,402,,,,,,,,,,,,True,
riawelc:data/raw/riawelc/RT/UNK/w00168_f2.png#1,riawelc:data/raw/riawelc/RT/UNK/w00168_f2.png,PO,porosity,2011,,,,,,,,,,,,True,
riawelc:data/raw/riawelc/RT/UNK/w00169_f0.png#0,riawelc:data/raw/riawelc/RT/UNK/w00169_f0.png,PO,porosity,2011,,,,,,,,,,,,True,
riawelc:data/raw/riawelc/RT/UNK/w00170_f0.png#0,riawelc:data/raw/riawelc/RT/UNK/w00170_f0.png,PO,porosity,2011,,,,,,,,,,,,True,
riawelc:data/raw/riawelc/RT/UNK/w00171_f0.png#0,riawelc:data/raw/riawelc/RT/UNK/w00171_f0.png,CR,crack,100,,,,,,,,,,,,True,
riawelc:data/raw/riawelc/RT/UNK/w00172_f0.png#0,riawelc:data/raw/riawelc/RT/UNK/w00172_f0.png,CR,crack,100,,,,,,,,,,,,True,
riawelc:data/raw/riawelc/RT/UNK/w00172_f0.png#1,riawelc:data/raw/riawelc/RT/UNK/w00172_f0.png,PO,porosity,2011,,,,,,,,,,,,True,
riawelc:data/raw/riawelc/RT/UNK/w00174_f0.png#0,riawelc:data/raw/riawelc/RT/UNK/w00174_f0.png,LP,lack_of_penetration,402,,,,,,,,,,,,True,
riawelc:data/raw/riawelc/RT/UNK/w00174_f0.png#1,riawelc:data/raw/riawelc/RT/UNK/w00174_f0.png,PO,porosity,2011,,,,,,,,,,,,True,
riawelc:data/raw/riawelc/RT/UNK/w00176_f0.png#0,riawelc:data/raw/riawelc/RT/UNK/w00176_f0.png,PO,porosity,2011,,,,,,,,,,,,True,
riawelc:data/raw/riawelc/RT/UNK/w00177_f0.png#0,riawelc:data/raw/riawelc/RT/UNK/w00177_f0.png,CR,crack,100,,,,,,,,,,,,True,
riawelc:data/raw/riawelc/RT/UNK/w00178_f0.png#0,riawelc:data/raw/riawelc/RT/UNK/w00178_f0.png,LP,lack_of_penetration,402,,,,,,,,,,,,True,
riawelc:data/raw/riawelc/RT/UNK/w00179_f0.png#0,riawelc:data/raw/riawelc/RT/UNK/w00179_f0.png,LP,lack_of_penetration,402,,,,,,,,,,,,True,
riawelc:data/raw/riawelc/RT/UNK/w00180_f0.png#0,riawelc:data/raw/riawelc/RT/UNK/w00180_f0.png,LP,lack_of_penetration,402,,,,,,,,,,,,True,
riawelc:data/raw/riawelc/RT/UNK/w00180_f1.png#0,riawelc:data/raw/riawelc/RT/UNK/w00180_f1.png,LP,lack_of_penetration,402,,,,,,,,,,,,True,
riawelc:data/raw/riawelc/RT/UNK/w00181_f0.png#0,riawelc:data/raw/riawelc/RT/UNK/w00181_f0.png,PO,porosity,2011,,,,,,,,,,,,True,
riawelc:data/raw/riawelc/RT/UNK/w00184_f0.png#0,riawelc:data/raw/riawelc/RT/UNK/w00184_f0.png,PO,porosity,2011,,,,,,,,,,,,True,
riawelc:data/raw/riawelc/RT/UNK/w00184_f1.png#0,riawelc:data/raw/riawelc/RT/UNK/w00184_f1.png,PO,porosity,2011,,,,,,,,,,,,True,
riawelc:data/raw/riawelc/RT/UNK/w00184_f2.png#0,riawelc:data/raw/riawelc/RT/UNK/w00184_f2.png,PO,porosity,2011,,,,,,,,,,,,True,
riawelc:data/raw/riawelc/RT/UNK/w00185_f0.png#0,riawelc:data/raw/riawelc/RT/UNK/w00185_f0.png,CR,crack,100,,,,,,,,,,,,True,
riawelc:data/raw/riawelc/RT/UNK/w00185_f0.png#1,riawelc:data/raw/riawelc/RT/UNK/w00185_f0.png,LP,lack_of_penetration,402,,,,,,,,,,,,True,
riawelc:data/raw/riawelc/RT/UNK/w00186_f0.png#0,riawelc:data/raw/riawelc/RT/UNK/w00186_f0.png,LP,lack_of_penetration,402,,,,,,,,,,,,True,
riawelc:data/raw/riawelc/RT/UNK/w00186_f0.png#1,riawelc:data/raw/riawelc/RT/UNK/w00186_f0.png,PO,porosity,2011,,,,,,,,,,,,True,
riawelc:data/raw/riawelc/RT/UNK/w00188_f0.png#0,riawelc:data/raw/riawelc/RT/UNK/w00188_f0.png,CR,crack,100,,,,,,,,,,,,True,
riawelc:data/raw/riawelc/RT/UNK/w00190_f0.png#0,riawelc:data/raw/riawelc/RT/UNK/w00190_f0.png,CR,crack,100,,,,,,,,,,,,True,
riawelc:data/raw/riawelc/RT/UNK/w00191_f0.png#0,riawelc:data/raw/riawelc/RT/UNK/w00191_f0.png,LP,lack_of_penetration,402,,,,,,,,,,,,True,
riawelc:data/raw/riawelc/RT/UNK/w00191_f0.png#1,riawelc:data/raw/riawelc/RT/UNK/w00191_f0.png,PO,porosity,2011,,,,,,,,,,,,True,
riawelc:data/raw/riawelc/RT/UNK/w00192_f0.png#0,riawelc:data/raw/riawelc/RT/UNK/w00192_f0.png,CR,crack,100,,,,,,,,,,,,True,
riawelc:data/raw/riawelc/RT/UNK/w00194_f0.png#0,riawelc:data/raw/riawelc/RT/UNK/w00194_f0.png,CR,crack,100,,,,,,,,,,,,True,
riawelc:data/raw/riawelc/RT/UNK/w00194_f0.png#1,riawelc:data/raw/riawelc/RT/UNK/w00194_f0.png,PO,porosity,2011,,,,,,,,,,,,True,
riawelc:data/raw/riawelc/RT/UNK/w00195_f0.png#0,riawelc:data/raw/riawelc/RT/UNK/w00195_f0.png,LP,lack_of_penetration,402,,,,,,,,,,,,True,
riawelc:data/raw/riawelc/RT/UNK/w00196_f0.png#0,riawelc:data/raw/riawelc/RT/UNK/w00196_f0.png,CR,crack,100,,,,,,,,,,,,True,
riawelc:data/raw/riawelc/RT/UNK/w00197_f0.png#0,riawelc:data/raw/riawelc/RT/UNK/w00197_f0.png,CR,crack,100,,,,,,,,,,,,True,
riawelc:data/raw/riawelc/RT/UNK/w00198_f0.png#0,riawelc:data/raw/riawelc/RT/UNK/w00198_f0.png,LP,lack_of_penetration,402,,,,,,,,,,,,True,
riawelc:data/raw/riawelc/RT/UNK/w00198_f1.png#0,riawelc:data/raw/riawelc/RT/UNK/w00198_f1.png,LP,lack_of_penetration,402,,,,,,,,,,,,True,
riawelc:data/raw/riawelc/RT/UNK/w00198_f2.png#0,riawelc:data/raw/riawelc/RT/UNK/w00198_f2.png,LP,lack_of_penetration,402,,,,,,,,,,,,True,
riawelc:data/raw/riawelc/RT/UNK/w00199_f0.png#0,riawelc:data/raw/riawelc/RT/UNK/w00199_f0.png,LP,lack_of_penetration,402,,,,,,,,,,,,True,
riawelc:data/raw/riawelc/RT/UNK/w00201_f0.png#0,riawelc:data/raw/riawelc/RT/UNK/w00201_f0.png,LP,lack_of_penetration,402,,,,,,,,,,,,True,
riawelc:data/raw/riawelc/RT/UNK/w00201_f0.png#1,riawelc:data/raw/riawelc/RT/UNK/w00201_f0.png,PO,porosity,2011,,,,,,,,,,,,True,
riawelc:data/raw/riawelc/RT/UNK/w00202_f0.png#0,riawelc:data/raw/riawelc/RT/UNK/w00202_f0.png,PO,porosity,2011,,,,,,,,,,,,True,
riawelc:data/raw/riawelc/RT/UNK/w00204_f0.png#0,riawelc:data/raw/riawelc/RT/UNK/w00204_f0.png,PO,porosity,2011,,,,,,,,,,,,True,
riawelc:data/raw/riawelc/RT/UNK/w00204_f1.png#0,riawelc:data/raw/riawelc/RT/UNK/w00204_f1.png,PO,porosity,2011,,,,,,,,,,,,True,
riawelc:data/raw/riawelc/RT/UNK/w00205_f0.png#0,riawelc:data/raw/riawelc/RT/UNK/w00205_f0.png,LP,lack_of_penetration,402,,,,,,,,,,,,True,
riawelc:data/raw/riawelc/RT/UNK/w00206_f0.png#0,riawelc:data/raw/riawelc/RT/UNK/w00206_f0.png,LP,lack_of_penetration,402,,,,,,,,,,,,True,
riawelc:data/raw/riawelc/RT/UNK/w00207_f0.png#0,riawelc:data/raw/riawelc/RT/UNK/w00207_f0.png,CR,crack,100,,,,,,,,,,,,True,
riawelc:data/raw/riawelc/RT/UNK/w00207_f0.png#1,riawelc:data/raw/riawelc/RT/UNK/w00207_f0.png,LP,lack_of_penetration,402,,,,,,,,,,,,True,
riawelc:data/raw/riawelc/RT/UNK/w00207_f1.png#0,riawelc:data/raw/riawelc/RT/UNK/w00207_f1.png,CR,crack,100,,,,,,,,,,,,True,
riawelc:data/raw/riawelc/RT/UNK/w00207_f1.png#1,riawelc:data/raw/riawelc/RT/UNK/w00207_f1.png,LP,lack_of_penetration,402,,,,,,,,,,,,True,
riawelc:data/raw/riawelc/RT/UNK/w00207_f2.png#0,riawelc:data/raw/riawelc/RT/UNK/w00207_f2.png,CR,crack,100,,,,,,,,,,,,True,
riawelc:data/raw/riawelc/RT/UNK/w00207_f2.png#1,riawelc:data/raw/riawelc/RT/UNK/w00207_f2.png,LP,lack_of_penetration,402,,,,,,,,,,,,True,
riawelc:data/raw/riawelc/RT/UNK/w00207_f3.png#0,riawelc:data/raw/riawelc/RT/UNK/w00207_f3.png,CR,crack,100,,,,,,,,,,,,True,
riawelc:data/raw/riawelc/RT/UNK/w00207_f3.png#1,riawelc:data/raw/riawelc/RT/UNK/w00207_f3.png,LP,lack_of_penetration,402,,,,,,,,,,,,True,
riawelc:data/raw/riawelc/RT/UNK/w00208_f0.png#0,riawelc:data/raw/riawelc/RT/UNK/w00208_f0.png,PO,porosity,2011,,,,,,,,,,,,True,
riawelc:data/raw/riawelc/RT/UNK/w00209_f0.png#0,riawelc:data/raw/riawelc/RT/UNK/w00209_f0.png,LP,lack_of_penetration,402,,,,,,,,,,,,True,
riawelc:data/raw/riawelc/RT/UNK/w00209_f1.png#0,riawelc:data/raw/riawelc/RT/UNK/w00209_f1.png,LP,lack_of_penetration,402,,,,,,,,,,,,True,
riawelc:data/raw/riawelc/RT/UNK/w00209_f2.png#0,riawelc:data/raw/riawelc/RT/UNK/w00209_f2.png,LP,lack_of_penetration,402,,,,,,,,,,,,True,
riawelc:data/raw/riawelc/RT/UNK/w00209_f3.png#0,riawelc:data/raw/riawelc/RT/UNK/w00209_f3.png,LP,lack_of_penetration,402,,,,,,,,,,,,True,
riawelc:data/raw/riawelc/RT/UNK/w00210_f0.png#0,riawelc:data/raw/riawelc/RT/UNK/w00210_f0.png,LP,lack_of_penetration,402,,,,,,,,,,,,True,
riawelc:data/raw/riawelc/RT/UNK/w00211_f0.png#0,riawelc:data/raw/riawelc/RT/UNK/w00211_f0.png,PO,porosity,2011,,,,,,,,,,,,True,
